Title,"Offer Category","App Hero Image",Business,Body
"£4.50 Coffee and Breakfast","Eating and Drinking",,"200 Degrees","<p>Enjoy coffee and any breakfast item for just £4.50. Available at both Flying Horse Walk and Carrington Street. Management reserve the right to remove/change this offer at any time. Subject to availability</p>"
"20% Off Food During the Week","Eating and Drinking",,"Alea Casino","<p>Get 20% off all food at Marco Pierre White Steakhouse Bar and Grill from Monday to Thursday. Booking is required and this discount cannot be used in conjunction with any other offer.</p>"
"Buy One Get One Free  on Arena Time","Things to Do",Mnalt,"Alt Gaming Lounge","<p>Buy arena time and get the a voucher for the same value free on your next visit. This offer is subject to availability and cannot be used in conjunction with any other offer. Management reserve the right to remove/change this offer at any time.</p>"
"10% Off All Food and Drink ","Eating and Drinking",,"Annie's Burger Shack","<p>Get 10% off a meal and drink from Monday to Thursday between 12pm and 5pm. This offer is subject to availability and not available in conjunction with any other offers.</p>"
"10% Off Food and Drink","Eating and Drinking",,"Aubreys Traditional Creperie","<p>Enjoy 10% off food and drink at Aubrey's Traditional Creperie. Valid Wednesday to Fridays between 10am and 6pm. Subject to availability and cannot be used in conjunction with any other offer.</p>"
"Free Styling Session",,,"Aveda Urban Therapy, Urban Therapy at Aveda","<p>Receive a free full hair and scalp analysis followed by a styling session with a stylist, as well as a relaxing scalp and shoulder massage when you book in advance. Subject to availability and cannot be used in conjunction with any other offer. Must book in advance</p>"
"20% off","Eating and Drinking",Mnbearandlace,"Bear & Lace","<p>Get 20% off your bill at Bear and Lace. Subject to availability and cannot be used in conjunction with any ther offer.</p>"
"Up to 20% off","Health and Beauty",,"Beauty Temple","<p>Get 10% off on Mondays, Wednesdays and Thursdays and 20% off on Tuesdays. Subject to availability and cannot be used in conjunction with any other offer.</p>"
"20% Off Your Food Bill","Eating and Drinking",Mnbelgo,Belgo,"<p>Enjoy a 20% discount on your food bill from Sunday to Friday between 12pm and 10pm. Subject to availability and cannot be used in conjunction with any other offer.</p>"
"20% Off Your Food Bill","Eating and Drinking",,Bill's,"<p>Get 20% off your food bill when ordering from the main menu from Sunday to Thursday. Cannot be used in conjunction with any other offer. Not available in November and December, Valentine's day, Mother's day or bank holidays.</p>"
"Sociable Hour","Eating and Drinking",Mnbodega,"The Bodega","<p>Enjoy £2 pints of Bodega lager or £8 bottles of house wine. Valid between 7pm and 9pm. This offer is only available while stocks last. Subject to availability and cannot be used in conjunction with any other offer.</p>"
"15% Off Craft Beer","Eating and Drinking",Mnbunkershill,"Bunkers Hill ","<p>Get 15% off craft beer (bottles and cans only). Subject to availability and cannot be used in conjunction with any other offer. Only available while stocks last.</p>"
"£1.99 for double cheeseburger and fries","Eating and Drinking",,"Burger King, Burger King","<p>Get a double cheeseburger and fries for only £1.99. Only available at the Upper Pariament Street store. Subject to availability and cannot be used in conjunction with any other offer.</p>"
"Free wine with two main courses","Eating and Drinking",Mncarluccios,Carluccio's,"<p>Enjoy a free bottle of Carluccio's Sicilian Wine or the equivalent price off any bottle on the menu, when choosing two main courses from our a la carte or specials menu. Sundays to Thursdays from 5pm at the city centre cafe.</p>"
"10% off",Shopping,,"Cath Kidston","<p>Enjoy 10% discount on all full price items. Subject to availability and cannot be used in conjunction with any other offer. Full price items only.</p>"
"£10 Lunch Deal","Eating and Drinking",Mnchinolatino,"Chino Latino","<p>Get a bento box lunch with any soft drink or tea/coffee for £10 between 12pm and 6pm each day. Must be booked in advance. Subject to availability and cannot be used in conjunction with any other offer.</p>"
"10% off ",Shopping,,"Cope Jewellers","<p>10% off purchases and services at Cope Jewellers. Cannot be used on sale of pre-owned items and cannot be used in conjunction with any other offer.</p>"
"10% Off","Eating and Drinking",Mncosmo,"Cosmo Restaurants","<p>Enjoy 10% off your food bill from Monday to Friday. This offer cannot be used in conjunction with any other offer.</p>"
"10% Off","Eating and Drinking",,"Creams Cafe ","<p>Enjoy 10% off from to Thursday between 11am and 5pm. Subject to availability and cannot be used in conjunction with any other offer.</p>"
"15% Off Food and Free Parking","Eating and Drinking",,"Crowne Plaza Nottingham","<p>Get 15% off your total food bill when dining at Swatch restaurant or bar, including free parking.</p>"
"10% Off Any Purchase",Shopping,,"Dr Martens","<p>Enjoy 10% off any purchase. Cannot be used in conjunction with any other offer.</p>"
"Free Veil or Hat/Fascinator",Shopping,,"Dressplace Brides","<p>Get a free veil up to the value of £100 with every wedding dress purchase or a free hat/fascinator up to the value of £50 with every Mother of the Bride Outfit purchased. Only available while stocks last. Subject to availability and cannot be used in conjunction with any other offer.</p>"
"10% Off Orders Over £15",Shopping,,Dukki,"<p>Enjoy 10% off orders when you spend over £15. This offer cannot be used in conjunction with any other offers and is not available on Limited Edition Prints.</p>"
"10% Off",Shopping,,"Focus Gallery","<p>Get 10% off all full priced purchases. Not available in conjunction with any other offer. Not available in December.</p>"
"Wine & Dine for £29","Eating and Drinking",Mnfothergills,Fothergill's,"<p>Two main courses and two glasses of house wine for £29, every Monday to Friday. Cannot be used in conjunction with any other offer.</p>"
"15% Off Your Food Bill","Eating and Drinking",,"Gourmet Burger Kitchen","<p>Get 15% off your food bill at Gourmet Burger Kitchen. Subject to availability and cannot be used in conjunction with any other offer.</p>"
"Free Eye Test and Discounted Glasses and Lenses","Health and Beauty",,"Gray And Bull","<p>Free Price Sight Test worth £30 and £40 off complete glasses and lenses. This offer can only be redeemed when the test is booked in advance. It cannot be used in conjunction with any other offer.</p>"
"15% Off Any Cut or Colour","Health and Beauty",,,"<p>Get 15% off any cut or colour when you book in advance. Management reserve the right to change/remove this offer at any time. Subject to availability and cannot be used in conjunction with any other offer.</p>"
"10% Off","Eating and Drinking",Mnhotelchocolat,"Hotel Chocolat","<p>Get 10% off everything in store when you show your qualifying card. Subject to availability and cannot be used in conjunction with any other offer. Only available while stocks last.</p>"
"10% off food and drink at Cafe Zest","Eating and Drinking",Mnhouseoffraser,"House of Fraser","<p>Enjoy 10% off your bill when dining at Cafe Zest at House of Fraser. Subject to availability and cannot be used in conjuction with any other offer</p>"
"10% Discount",Shopping,,"Jack Wills","<p>10% discount on full priced items. Cannot be used in conjunction with any other offer.</p>"
"10% Off Drinks","Eating and Drinking",,"Last Chance Saloon","<p>Get 10% off drinks excluding Happy Hour. Subject to availability and while stocks last. Cannot be used in conjunction with any other offer.</p>"
"20% off","Things to Do",,"Lost City Adventure Golf","<p>Enjoy 20% off from Monday to Thursday after 12pm. Cannot be used in conjunction with any other offer.</p>"
"Buy One Get One Free  ","Eating and Drinking",,"Ludorati Cafe Bar","<p>Enjoy buy one get one free on our classic hot chocolates. This offer cannot be used in conjunction with any other offer.</p>"
"2 for 1 Gaming Sessions","Things to Do",,"The Dice Cup","<p>Buy one full price gaming session and allow a person to play with you for free. Cannot be used in conjunction with any other offer.</p>"
"10% off",Shopping,,"The Fragrance Shop","<p>Get 10% off full price items. Subject to availability.Not valid in November and December. Cannot be used in conjunction with any other offer.</p>"
"No Joining Fee","Health and Beauty",,"The Gym Group","<p>Join The Gym Nottingham for no joining fee and only £14.99 a month. Cannot be used in conjunction with any other offer.</p>"
"15% Off Food and Drink","Eating and Drinking",,"The Major Oak","<p>Enjoy 15% off food and drink. Cannot be used in conjunction with any other offer.</p>"
"20% Off food","Eating and Drinking",Mnorangetree,"The Orange Tree","<p>Enjoy 20% off food. Cannot be used in conjunction with any other offer.</p>"
"£8.49 Bottle of Wine","Eating and Drinking",,"The Stage","<p>Enjoy any bottle of wine for just £8.49 until 7pm, every day of the week. This offer is subject to availability and while stocks last. Management reserve the right to remove/change this offer at any time and it cannot be used in conjunction with any other offer.</p>"
"3 Pouches for £6",Shopping,Mntreatkitchen,"The Treat Kitchen","<p>Get 3 for 2 on all £2.50 pouches at The Treat Kitchen.Excludes gourmet range. This offer is valid while stocks last and cannot be used in conjunction with any other offer.</p>"
"10% Off Trespass brand",Shopping,,Trespass,"<p>Enjoy 10% off on Trespass brand products excluding Nikwax, Highlander, Go Travel, Bloc, Dalesman and Keycraft. While stocks last and cannot be used in conjunction with any other offer.</p>"
"10% off",Shopping,,"Element / Two Seasons","<p>Enjoy 10% off full priced producrs. Cannot be used in conjunction with any other offer.</p>"
"10% Off All Products",Shopping,Mnwhittards,"Whittards of Chelsea","<p>Enjoy 10% off all products. Cannot be used in conjunction with any other offer.</p>"
"20% Off food","Eating and Drinking",,Wildwood,"<p>Enjoy 20% off food. Valid from Sunday toFroday 12pm to 5pm. Not valid on takeaway or kids menu. Cannot be used in conjunction with any other offer.</p>"
"20% off","Eating and Drinking",Mnwokandgo,"Wok & Go","<p>Enjoy 20% off your total order. Cannot be used in conjunction with any other offer.</p>"
"20% Off Main Menu","Eating and Drinking",Mnsoulville,"The Soulville Steakhouse","<p>Get 20% off on the main menu. Valid Sunday to Friday 12pm - 6pm, or get 15% off the main menu Saturday 12pm-4pm.</p>"
"50% Off Food","Eating and Drinking",,"The Southbank Bar","<p>Enjoy a huge 50% off all food at the Nottingham city centre bar. Cannot be used in conjunction with any other offer.</p>"
"10% Off","Eating and Drinking",Mnsquares,Squares,"<p>10% discount on all products. Cannot be used in conjunction with any other offer.</p>"
"15% Off Food","Eating and Drinking",Mnstjames,"St James Hotel","<p>Enjoy 15% off food and drink in the No/6 bar and lounge. Cannot be used in conjunction with any other offer.</p>"
"10% Off","Eating and Drinking",,"The Steak lounge","<p>Enjoy 10% off your food bill. Valid Monday to Thursday only and cannot be used in conjunction with any other offer.</p>"
"Free Treatment with any colour service","Health and Beauty",,"Steele Hairdressing ","<p>Get a free Bronze Paul Mitchell treatment worth £25 with any coloue service. Valid from Tuesday to Friday. Specific stylists only. Subject to availability and cannot be used in conjunction with any other offer. Must be booked in advance.</p>"
"10% Off Donated Furniture",Shopping,,"Sue Ryder","<p>Get 10% off donated furniture at Sue Ryder. This offer is only available while stocks last. Subject to availability and cannot be used in conjunction with any other offer.</p>"
"20% Off","Health and Beauty",,Supercuts,"<p>20% off on wash, cut and blow dry. Valid Monday to Friday. Cannot be used in conjunction with any other offer.</p>"
"10% Off",Shopping,,"Ted Baker","<p>Enjoy 10% off full priced merchandise. This offer cannot be used in conjunction with any other offer. The management reserves the right to change/remove this offer at any time.</p>"
"Free Chicken Satay","Eating and Drinking",Mnthaikun,Thaikhun,"<p>Enjoy a complementary chicken satay when two main courses are purchased from Sunday to Thursday. Cannot be used in conjunction with any other offer.</p>"
"Free Breakfast","Eating and Drinking",,"Best Western Plus Nottingham City Centre ","<p>Complete breakfast for up to two people per night, on qualifying room rates only. Make sure to quote BID Breakfast when booking in advance. Subject to availability.</p>"
"10% Off Food and Drink","Eating and Drinking",,"The Castle","<p>Enjoy 10% off food and drink at The Castle. Cannot be used in conjunction with any other offer.</p>"
"10% Off on Tuesdays","Eating and Drinking",Mncheeseshop,"The Cheese Shop","<p>Enjoy 10% off on Tuesdays, excluding December.</p>"
"20% Off Main Menu","Eating and Drinking",,"Cross Keys","Enjoy a 20% discount on the main menu from 12pm to 5pm every day, excluding 10th-24th December. Cannot be used in conjunction with any other offer."
"20% Off Food Bill","Eating and Drinking",Mnmaysum,"May Sum","Enjoy 20% off your food bill at May Sum buffet. This offer cannot be used in conjunction with any other offer."
"20% Off","Eating and Drinking",Mnmod,"MOD Pizza","Enjoy 20% off on our current menu. Subject to availability and cannot be used in conjunction with any other offer. Only available while stocks last."
"10% Off Your Food Bill","Eating and Drinking",Mnoaks,Oaks,"Get 10% off your total food bill for both lunch and dinner. The management reserve the right to change/remove this offer at any time. Subject to availability and cannot be used in conjunction with any other offer."
"10% Off",Shopping,,"Pearl Boutique","Enjoy a 10% discount at Pearl Boutique. Only available while stocks last. Cannot be used in conjunction with any other offer."
"10% Off",Shopping,,"Pretty Green","Get 10% off on any full price items. Cannot be used in conjunction with any other offer."
"10% off","Eating and Drinking",,"The Pudding Pantry","Enjoy 10% off from Monday to Friday. Subject to availability and cannot be used in conjunction with any other offer."
"2 For 1 Classic Cocktails","Eating and Drinking",Mnrub,"Rub's Smokehouse","Get 2 for 1 on Classic Cocktails. Subject to availability and cannot be used in conjunction with any other offer."
"10 to 15% Discount",Shopping,,Pia,"<p>Get 10% off when you spend 45 or more, or 15% off when you spend 60 or more. This offer is not for use in conjunction with any other offers and is subject to availability. While stocks last. Management reserves the right to change/remove this offer at any time.</p>"
"Free Entry Before 2am","Eating and Drinking",,NG1,"<p>Get entry free of charge before 2am. Management reserve the right to remove/change this offer at any time. Cannot be used in conjunction with any other offer.</p>"
